<?xml version="1.0" encoding="UTF-8" standalone="yes"?>
<ns2:ExportManifest xmlns:ns2="http://www.pentaho.com/schema/">
    <ExportManifestInformation exportDate="26-01-2015 10:31:38 ICT" exportBy="admin" rootFolder="/public/รายงาน/" manifestVersion="2"/>
    <ExportManifestEntity path="การใช้งานบัตรอัตโนมัติ.prpt">
        <ExportManifestProperty>
            <EntityMetaData name="การใช้งานบัตรอัตโนมัติ.prpt" createdDate="2015-01-23T18:03:06.082+07:00" isFolder="false" path="การใช้งานบัตรอัตโนมัติ.prpt" isHidden="false" locale="en_US" title="การใช้งานบัตรอัตโนมัติ"/>
        </ExportManifestProperty>
        <ExportManifestProperty>
            <EntityAcl>
                <entriesInheriting>true</entriesInheriting>
                <owner>admin</owner>
                <ownerType>USER</ownerType>
            </EntityAcl>
        </ExportManifestProperty>
    </ExportManifestEntity>
</ns2:ExportManifest>
