<?xml version="1.0" encoding="UTF-8" standalone="yes"?>
<ns2:ExportManifest xmlns:ns2="http://www.pentaho.com/schema/">
    <ExportManifestInformation exportDate="27-01-2015 11:31:16 ICT" exportBy="admin" rootFolder="/public/รายงาน/" manifestVersion="2"/>
    <ExportManifestEntity path="Add-082.prpt">
        <ExportManifestProperty>
            <EntityMetaData name="Add-082.prpt" createdDate="2015-01-20T19:11:56.444+07:00" isFolder="false" path="Add-082.prpt" isHidden="false" locale="en_US" title="รายงานการให้บริการลูกค้า"/>
        </ExportManifestProperty>
        <ExportManifestProperty>
            <EntityAcl>
                <entriesInheriting>true</entriesInheriting>
                <owner>admin</owner>
                <ownerType>USER</ownerType>
            </EntityAcl>
        </ExportManifestProperty>
    </ExportManifestEntity>
</ns2:ExportManifest>
