<?xml version="1.0" encoding="UTF-8" standalone="yes"?>
<ns2:ExportManifest xmlns:ns2="http://www.pentaho.com/schema/">
    <ExportManifestInformation exportDate="26-01-2015 02:23:25 ICT" exportBy="admin" rootFolder="/public/รายงาน/" manifestVersion="2"/>
    <ExportManifestEntity path="ปริมาณเติมเงิน-ยาก.prpt">
        <ExportManifestProperty>
            <EntityMetaData name="ปริมาณเติมเงิน-ยาก.prpt" createdDate="2015-01-21T16:49:12.451+07:00" isFolder="false" path="ปริมาณเติมเงิน-ยาก.prpt" isHidden="false" locale="en_US" title="รายงานปริมาณการเติมเงินของระบบเก็บค่าผ่านทางอัตโนมัติ (ETC)"/>
        </ExportManifestProperty>
        <ExportManifestProperty>
            <EntityAcl>
                <entriesInheriting>true</entriesInheriting>
                <owner>admin</owner>
                <ownerType>USER</ownerType>
            </EntityAcl>
        </ExportManifestProperty>
    </ExportManifestEntity>
</ns2:ExportManifest>
