<?xml version="1.0" encoding="UTF-8" standalone="yes"?>
<ns2:ExportManifest xmlns:ns2="http://www.pentaho.com/schema/">
    <ExportManifestInformation exportDate="26-01-2015 01:12:00 ICT" exportBy="admin" rootFolder="/public/รายงาน/" manifestVersion="2"/>
    <ExportManifestEntity path="Add-O8.prpt">
        <ExportManifestProperty>
            <EntityMetaData name="Add-O8.prpt" createdDate="2015-01-20T19:32:09.916+07:00" isFolder="false" path="Add-O8.prpt" isHidden="false" locale="en_US" title="รายงานจำนวนบัตรผู้ถือครองแยกตามกลุ่มลูกค้า"/>
        </ExportManifestProperty>
        <ExportManifestProperty>
            <EntityAcl>
                <entriesInheriting>true</entriesInheriting>
                <owner>admin</owner>
                <ownerType>USER</ownerType>
            </EntityAcl>
        </ExportManifestProperty>
    </ExportManifestEntity>
</ns2:ExportManifest>
