<?xml version="1.0" encoding="UTF-8" standalone="yes"?>
<ns2:ExportManifest xmlns:ns2="http://www.pentaho.com/schema/">
    <ExportManifestInformation exportDate="26-01-2015 04:41:02 ICT" exportBy="admin" rootFolder="/public/รายงาน/" manifestVersion="2"/>
    <ExportManifestEntity path="ยอดการจำหน่ายบัตรเดือน.prpt">
        <ExportManifestProperty>
            <EntityMetaData name="ยอดการจำหน่ายบัตรเดือน.prpt" createdDate="2015-01-15T09:31:25.960+07:00" isFolder="false" path="ยอดการจำหน่ายบัตรเดือน.prpt" isHidden="false" locale="en_US" title="รายงานยอดจำหน่าย Easy Pass แยกตามรายเดือนตามงบประมาณ"/>
        </ExportManifestProperty>
        <ExportManifestProperty>
            <EntityAcl>
                <entriesInheriting>true</entriesInheriting>
                <owner>admin</owner>
                <ownerType>USER</ownerType>
            </EntityAcl>
        </ExportManifestProperty>
    </ExportManifestEntity>
</ns2:ExportManifest>
