<?xml version="1.0" encoding="UTF-8" standalone="yes"?>
<ns2:ExportManifest xmlns:ns2="http://www.pentaho.com/schema/">
    <ExportManifestInformation exportDate="26-01-2015 11:12:17 ICT" exportBy="admin" rootFolder="/public/รายงาน/" manifestVersion="2"/>
    <ExportManifestEntity path="รายงานการเติมเงินภายนอก.prpt">
        <ExportManifestProperty>
            <EntityMetaData name="รายงานการเติมเงินภายนอก.prpt" createdDate="2015-01-14T11:04:14.017+07:00" isFolder="false" path="รายงานการเติมเงินภายนอก.prpt" isHidden="false" locale="en_US" title="รายงานการเติมเงินภายนอก"/>
        </ExportManifestProperty>
        <ExportManifestProperty>
            <EntityAcl>
                <entriesInheriting>true</entriesInheriting>
                <owner>admin</owner>
                <ownerType>USER</ownerType>
            </EntityAcl>
        </ExportManifestProperty>
    </ExportManifestEntity>
</ns2:ExportManifest>
