<?xml version="1.0" encoding="UTF-8" standalone="yes"?>
<ns2:ExportManifest xmlns:ns2="http://www.pentaho.com/schema/">
    <ExportManifestInformation exportDate="26-01-2015 05:21:44 ICT" exportBy="admin" rootFolder="/public/รายงาน/" manifestVersion="2"/>
    <ExportManifestEntity path="รายงานการใช้บัตรรายบัตร.prpt">
        <ExportManifestProperty>
            <EntityMetaData name="รายงานการใช้บัตรรายบัตร.prpt" createdDate="2015-01-22T17:33:49.990+07:00" isFolder="false" path="รายงานการใช้บัตรรายบัตร.prpt" isHidden="false" locale="en_US" title="รายงานสรุปการใช้ Easy Pass เป็นรายบัตร"/>
        </ExportManifestProperty>
        <ExportManifestProperty>
            <EntityAcl>
                <entriesInheriting>true</entriesInheriting>
                <owner>admin</owner>
                <ownerType>USER</ownerType>
            </EntityAcl>
        </ExportManifestProperty>
    </ExportManifestEntity>
</ns2:ExportManifest>
