<?xml version="1.0" encoding="UTF-8" standalone="yes"?>
<ns2:ExportManifest xmlns:ns2="http://www.pentaho.com/schema/">
    <ExportManifestInformation exportDate="29-01-2015 01:46:19 ICT" exportBy="admin" rootFolder="/public/รายงาน/" manifestVersion="2"/>
    <ExportManifestEntity path="ปริมาณจราจร.prpt">
        <ExportManifestProperty>
            <EntityMetaData name="ปริมาณจราจร.prpt" createdDate="2015-01-12T18:02:27.172+07:00" isFolder="false" path="ปริมาณจราจร.prpt" isHidden="false" locale="th_TH" description="รายงานปริมาณรถผ่านสะสม" title="Traf5-ปริมาณรถผ่านทางตามสายทางสะสม แยกตามปีงบประมาณ"/>
        </ExportManifestProperty>
        <ExportManifestProperty>
            <EntityAcl>
                <entriesInheriting>true</entriesInheriting>
                <owner>admin</owner>
                <ownerType>USER</ownerType>
            </EntityAcl>
        </ExportManifestProperty>
    </ExportManifestEntity>
</ns2:ExportManifest>
