<?xml version="1.0" encoding="UTF-8" standalone="yes"?>
<ns2:ExportManifest xmlns:ns2="http://www.pentaho.com/schema/">
    <ExportManifestInformation exportDate="09-02-2015 02:16:29 ICT" exportBy="admin" rootFolder="/public/รายงาน/" manifestVersion="2"/>
    <ExportManifestEntity path="ปริมาณจารจรแจงเดือน.prpt">
        <ExportManifestProperty>
            <EntityMetaData name="ปริมาณจารจรแจงเดือน.prpt" createdDate="2015-01-29T14:20:30.803+07:00" isFolder="false" path="ปริมาณจารจรแจงเดือน.prpt" isHidden="false" locale="en_US" title="Traf6-ปริมาณการผ่านทางพิเศษด้วยบัตรอัตโนมัติ (จำแนกรายเดือน)"/>
        </ExportManifestProperty>
        <ExportManifestProperty>
            <EntityAcl>
                <entriesInheriting>true</entriesInheriting>
                <owner>admin</owner>
                <ownerType>USER</ownerType>
            </EntityAcl>
        </ExportManifestProperty>
    </ExportManifestEntity>
</ns2:ExportManifest>
