<?xml version="1.0" encoding="UTF-8" standalone="yes"?>
<ns2:ExportManifest xmlns:ns2="http://www.pentaho.com/schema/">
    <ExportManifestInformation exportDate="04-02-2015 01:21:51 ICT" exportBy="admin" rootFolder="/public/รายงาน/" manifestVersion="2"/>
    <ExportManifestEntity path="ประวัติการให้บริการ.prpt">
        <ExportManifestProperty>
            <EntityMetaData name="ประวัติการให้บริการ.prpt" createdDate="2015-01-17T21:20:25.398+07:00" isFolder="false" path="ประวัติการให้บริการ.prpt" isHidden="false" locale="en_US" title="รายงานประวัติการให้บริการลูกค้า"/>
        </ExportManifestProperty>
        <ExportManifestProperty>
            <EntityAcl>
                <entriesInheriting>true</entriesInheriting>
                <owner>admin</owner>
                <ownerType>USER</ownerType>
            </EntityAcl>
        </ExportManifestProperty>
    </ExportManifestEntity>
</ns2:ExportManifest>
