<?xml version="1.0" encoding="UTF-8" standalone="yes"?>
<ns2:ExportManifest xmlns:ns2="http://www.pentaho.com/schema/">
    <ExportManifestInformation exportDate="27-01-2015 01:24:08 ICT" exportBy="admin" rootFolder="/public/รายงาน/" manifestVersion="2"/>
    <ExportManifestEntity path="อัตราการเติมเงิน.prpt">
        <ExportManifestProperty>
            <EntityMetaData name="อัตราการเติมเงิน.prpt" createdDate="2015-01-20T11:03:37.408+07:00" isFolder="false" path="อัตราการเติมเงิน.prpt" isHidden="false" locale="en_US" title="รายงานอัตราการเติมเงินสำรองค่าผ่านทางของบัตรอัตโนมัติ (Easy Pass)"/>
        </ExportManifestProperty>
        <ExportManifestProperty>
            <EntityAcl>
                <entriesInheriting>true</entriesInheriting>
                <owner>admin</owner>
                <ownerType>USER</ownerType>
            </EntityAcl>
        </ExportManifestProperty>
    </ExportManifestEntity>
</ns2:ExportManifest>
