<?xml version="1.0" encoding="UTF-8" standalone="yes"?>
<ns2:ExportManifest xmlns:ns2="http://www.pentaho.com/schema/">
    <ExportManifestInformation exportDate="26-01-2015 03:51:15 ICT" exportBy="admin" rootFolder="/public/รายงาน/" manifestVersion="2"/>
    <ExportManifestEntity path="ปริกาณการผ่านรายชม.prpt">
        <ExportManifestProperty>
            <EntityMetaData name="ปริกาณการผ่านรายชม.prpt" createdDate="2015-01-15T10:20:08.842+07:00" isFolder="false" path="ปริกาณการผ่านรายชม.prpt" isHidden="false" locale="en_US" description="รายงานปริมาณการผ่านทางพิเศษด้วยบัตรอัตโนมัติ (Easy Pass) จำแนกรายชั่วโมง (ในช่วงเวลาเร่งด่วน)" title="รายงานปริมาณการผ่านทางพิเศษด้วยบัตรอัตโนมัติ (Easy Pass) จำแนกรายชั่วโมง (ในช่วงเวลาเร่งด่วน)"/>
        </ExportManifestProperty>
        <ExportManifestProperty>
            <EntityAcl>
                <entriesInheriting>true</entriesInheriting>
                <owner>admin</owner>
                <ownerType>USER</ownerType>
            </EntityAcl>
        </ExportManifestProperty>
    </ExportManifestEntity>
</ns2:ExportManifest>
